Workbook

Sheet Livros por Ano
A1: Catálogo Bibliográfico JUERP / Obras Batistas
A2: Lista de obras organizadas em ordem cronológica de publicação por ano e década
A4: Item | B4: Ano | C4: Década | D4: Título da Obra | E4: Autor(es) | F4: Editora / Selo | G4: Registro Original
A5: 1 | B5: 1906 | C5: Década de 1900 | D5: História dos Batistas do Brasil – VOLUME 1 | E5: até 1906 | F5: Casa Publicadora Batista | G5: História dos Batistas do Brasil – VOLUME 1 - até 1906 – A.R. CRABTREE – CASA PUBLICADORA BATISTA – 1962
A6: 2 | B6: 1907 | C6: Década de 1900 | D6: História dos Batistas do Brasil – VOLUME 2 | E6: de 1907 a 1935 | F6: Casa Publicadora Batista | G6: História dos Batistas do Brasil – VOLUME 2 - de 1907 a 1935 – ANTONIO NEVES DE MESQUITA – CASA PUBLICADORA BATISTA – 1962
A7: 3 | B7: 1915 | C7: Década de 1910 | D7: Palestras Para os Môços | E7: Confidenciaes | F7: ACM | G7: Palestras Para os Môços – Confidenciaes – ACM – 1915
A8: 4 | B8: 1921 | C8: Década de 1920 | E8: A INTERPRETAÇÃO DOS ACTOS DOS APÓSTOLOS SHEPARD, J.W. | F8: Casa Publicadora Baptista | G8: A INTERPRETAÇÃO DOS ACTOS DOS APÓSTOLOS SHEPARD, J.W. CASA PUBLICADORA BAPTISTA DO BRASIL 1921
A9: 5 | B9: 1921 | C9: Década de 1920 | D9: Interpretação dos Actos dos Apóstolos | E9: J.W. SHEPARD | F9: Casa Publicadora Baptista | G9: Interpretação dos Actos dos Apóstolos – J.W. SHEPARD – CASA PUBLICADORA BAPTISTA DO BRASIL – 1921
A10: 6 | B10: 1921 | C10: Década de 1920 | D10: Os Baptistas no Passado e no Futuro | E10: W.E. ENTZINGER -CASA PUBLICAORA BAPTISTA | F10: JUERP | G10: Os Baptistas no Passado e no Futuro – W.E. ENTZINGER -CASA PUBLICAORA BAPTISTA – 1921
A11: 7 | B11: 1922 | C11: Década de 1920 | D11: Os Baptistas e a Liberdade Religiosa | E11: 2a. Edição | F11: Casa Publicadora Baptista | G11: Os Baptistas e a Liberdade Religiosa – 2a. Edição – JORGE W. TRUETT – CASA PUBLICADORA BAPTISTA DO BRASIL 1922
A12: 8 | B12: 1922 | C12: Década de 1920 | D12: Os Baptistas e a Liberdade Religiosa | E12: JORGE W. TRUETT | F12: Casa Publicadora Baptista | G12: Os Baptistas e a Liberdade Religiosa – JORGE W. TRUETT – CASA PUBLICADORA BAPTISTA DO BRASIL – 1922
A13: 9 | B13: 1925 | C13: Década de 1920 | D13: O Sabbatismo à Luz da Palavra de Deus | E13: RICARDO PITROWSKY | F13: Casa Publicadora Baptista | G13: O Sabbatismo à Luz da Palavra de Deus – RICARDO PITROWSKY – CASA PUBLICADORA BAPTISTA – 1925
A14: 10 | B14: 1926 | C14: Década de 1920 | E14: TREINAMENTO NA MORDOMIA LEAVELL, F.H. | F14: Casa Publicadora Baptista | G14: TREINAMENTO NA MORDOMIA LEAVELL, F.H. CASA PUBLICADORA BAPTISTA 1926
A15: 11 | B15: 1926 | C15: Década de 1920 | D15: Lendas Hebraicas | E15: Tradições e Traducções | F15: Casa Publicadora Baptista | G15: Lendas Hebraicas – Tradições e Traducções – NICOLAU A. RODRIGUES – CASA PUBLICADORA BAPTISTA – 1926
A16: 12 | B16: 1926 | C16: Década de 1920 | D16: Treinamento na Mordomia | E16: F.H. HEAVELL | F16: Casa Publicadora Baptista | G16: Treinamento na Mordomia – F.H. HEAVELL – CASA PUBLICADORA BAPTISTA – 1926
A17: 13 | B17: 1927 | C17: Década de 1920 | D17: Notas Sobre Ethica Prática | E17: A.B. LANGSTON | F17: Casa Publicadora Baptista | G17: Notas Sobre Ethica Prática – A.B. LANGSTON – CASA PUBLICADORA BAPTISTA DO BRASIL – 1927
A18: 14 | B18: 1928 | C18: Década de 1920 | D18: Treinamento da Mordomia | E18: F. H. LEAVELLL | F18: Casa Publicadora Baptista | G18: Treinamento da Mordomia – F. H. LEAVELLL – CASA PUBLICADORA BAPTISTA – 1928
A19: 15 | B19: 1930 | C19: Década de 1930 | D19: Baptismo Biblico | E19: WILLIAM CAREY TAYLOR | F19: TYPOGRAFIA DO C.A.B. | G19: Baptismo Biblico – WILLIAM CAREY TAYLOR – TYPOGRAFIA DO C.A.B. – 1930
A20: 16 | B20: 1931 | C20: Década de 1930 | D20: O Escudo Diamantino | E20: SAMUEL JUDSON PORTER | F20: Casa Publicadora Baptista | G20: O Escudo Diamantino – SAMUEL JUDSON PORTER – CASA PUBLICADORA BAPTISTA – 1931
A21: 17 | B21: 1933 | C21: Década de 1930 | D21: Introdução ao Estudo do Novo Testamento Grego – TOMO II PARTE III | E21: W.C. TAYLOR | F21: TYPOGRAPHIA DO C.A.B. | G21: Introdução ao Estudo do Novo Testamento Grego – TOMO II PARTE III – W.C. TAYLOR – TYPOGRAPHIA DO C.A.B. 1933
A22: 18 | B22: 1934 | C22: Década de 1930 | D22: O Sabbatismo | E22: Um Systema Falso | F22: Casa Publicadora Baptista | G22: O Sabbatismo – Um Systema Falso – WILLIAM SICKLES – CASA PUBLICADORA BAPTISTA 1934
A23: 19 | B23: 1936 | C23: Década de 1930 | D23: Crenças Baptistas | E23: EDGAR YOUNG MULLINS | F23: Casa Publicadora Baptista | G23: Crenças Baptistas – EDGAR YOUNG MULLINS – CASA PUBLICADORA BAPTISTA – 1936
A24: 20 | B24: 1936 | C24: Década de 1930 | D24: Sermões do Púlpito Baptista | E24: MANOEL AVELINO DE SOUZA | F24: Casa Publicadora Baptista | G24: Sermões do Púlpito Baptista – MANOEL AVELINO DE SOUZA – CASA PUBLICADORA BAPTISTA – 1936
A25: 21 | B25: 1937 | C25: Década de 1930 | D25: A Doutrina do Espírito Santo | E25: A.B. LANGSTON | F25: Casa Publicadora Baptista | G25: A Doutrina do Espírito Santo – A.B. LANGSTON – CASA PUBLICADORA BAPTISTA 1937
A26: 22 | B26: 1937 | C26: Década de 1930 | D26: O Sabbatismo à Luz da Palavra de Deus | E26: RICARDO PITROWSKY | F26: Casa Publicadora Baptista | G26: O Sabbatismo à Luz da Palavra de Deus – RICARDO PITROWSKY – CASA PUBLICADORA BAPTISTA – 1937
A27: 23 | B27: 1938 | C27: Década de 1930 | E27: THEOLOGIA BIBLICA DO VELHO TESTAMENTO LANGSTON, A.B. | F27: Casa Publicadora Baptista | G27: THEOLOGIA BIBLICA DO VELHO TESTAMENTO LANGSTON, A.B. CASA PUBLICADORA BAPTISTA 1938
A28: 24 | B28: 1938 | C28: Década de 1930 | D28: Como Ganhar Almas Para Cristo | E28: WILLIAM EVANS | F28: Casa Publicadora Baptista | G28: Como Ganhar Almas Para Cristo – WILLIAM EVANS – CASA PUBLICADORA BAPTISTA – 1938
A29: 25 | B29: 1938 | C29: Década de 1930 | D29: Missões no Seu Compêndio | E29: A Bíblia | F29: Casa Publicadora Baptista | G29: Missões no Seu Compêndio – A Bíblia – L.M. BRATCHER – CASA PUBLICADORA BAPTISTA – 1938
A30: 26 | B30: 1940 | C30: Década de 1940 | D30: O Cristianismo Através dos Séculos – Volume 2 | E30: H.H. MUIRHEAD | F30: Casa Publicadora Batista | G30: O Cristianismo Através dos Séculos – Volume 2 – H.H. MUIRHEAD – CASA PUBLICADORA BATISTA 1940
A31: 27 | B31: 1940 | C31: Década de 1940 | D31: O Peregrino | E31: Adaptado para o Uso da Mocidade- L.P.LEAVELL | F31: Casa Publicadora Batista | G31: O Peregrino – Adaptado para o Uso da Mocidade- L.P.LEAVELL – CASA PUBLICADORA BATISTA- 1940
A32: 28 | B32: 1941 | C32: Década de 1940 | D32: Manual das Igrejas | E32: WILLIAM CAREY TAYLOR | F32: Casa Publicadora Batista | G32: Manual das Igrejas - WILLIAM CAREY TAYLOR – CASA PUBLICADORA BATISTA – 1941
A33: 29 | B33: 1941 | C33: Década de 1940 | D33: Os Escândalos | E33: ÁLVARO REIS | F33: Casa Publicadora Batista | G33: Os Escândalos – ÁLVARO REIS – CASA PUBLICADORA BATISTA – 1941
A34: 30 | B34: 1941 | C34: Década de 1940 | D34: Theologia Bíblica do Novo Testamento | E34: A.B. LANGSTON | F34: JUERP | G34: Theologia Bíblica do Novo Testamento – A.B. LANGSTON – 1941
A35: 31 | B35: 1942 | C35: Década de 1940 | D35: A Epístola de Tiago – Tradução e Comentário | E35: WILLIAM CAREY TAYLOR | F35: Casa Publicadora Batista | G35: A Epístola de Tiago – Tradução e Comentário – WILLIAM CAREY TAYLOR – CASA PUBLICADORA BATISTA – 1942
A36: 32 | B36: 1942 | C36: Década de 1940 | D36: A Sós Com Deus | E36: II Volume | F36: Casa Publicadora Batista | G36: A Sós Com Deus – II Volume – CASA PUBLICADORA BATISTA 1942
A37: 33 | B37: 1942 | C37: Década de 1940 | D37: Harmonia dos Evangelhos | E37: S.L. WATSON e W.E. ALLEN | F37: Casa Publicadora Batista | G37: Harmonia dos Evangelhos – S.L. WATSON e W.E. ALLEN – CASA PUBLICADORA BATISTA – 1942
A38: 34 | B38: 1942 | C38: Década de 1940 | D38: Passagens Bíblicas Explanadas | E38: W.C. TAYLOR | F38: Casa Publicadora Batista | G38: Passagens Bíblicas Explanadas – W.C. TAYLOR – CASA PUBLICADORA BATISTA – 1942
A39: 35 | B39: 1943 | C39: Década de 1940 | D39: De Adão a Malaquias | E39: P.E. BURROUGHS | F39: Casa Publicadora Batista | G39: De Adão a Malaquias – P.E. BURROUGHS – CASA PUBLICADORA BATISTA – 1943
... A48: 44 | B48: 1946 | C48: Década de 1940 | D48: O Espírito Santo | E48: ENÉAS TOGNINI | F48: Casa Publicadora Batista | G48: O Espírito Santo – ENÉAS TOGNINI – CASA PUBLICADORA BATISTA – 1946
A49: 45 | B49: 1947 | C49: Década de 1940 | E49: SOB OS CÉUS DA PALESTINA FRANÇA, MÁRIO BARRETO | F49: Casa Publicadora Batista | G49: SOB OS CÉUS DA PALESTINA FRANÇA, MÁRIO BARRETO CASA PUBLICADORA BATISTA 1947
A50: 46 | B50: 1947 | C50: Década de 1940 | D50: Humilde Testemunho de Um Resgatado | E50: AUTÔNIO ERNESTO DA SILVA | F50: O JORNAL BATISTA | G50: Humilde Testemunho de Um Resgatado – AUTÔNIO ERNESTO DA SILVA – O JORNAL BATISTA 1947
A51: 47 | B51: 1947 | C51: Década de 1940 | D51: Não Sou Meu | E51: WALTER KASCHEL | F51: Casa Publicadora Batista | G51: Não Sou Meu - WALTER KASCHEL – CASA PUBLICADORA BATISTA 1947
A52: 48 | B52: 1947 | C52: Década de 1940 | D52: O Poder do Alto | E52: William Edwin Entzminger | F52: Casa Publicadora Batista | G52: O Poder do Alto – William Edwin Entzminger – CASA PUBLICADORA BATISTA – 1947
A53: 49 | B53: 1947 | C53: Década de 1940 | D53: O Poder do Alto | E53: WILLIAM EDWIN ENTZMINGER | F53: Casa Publicadora Batista | G53: O Poder do Alto – WILLIAM EDWIN ENTZMINGER – CASA PUBLICADORA BATISTA – 1947
A54: 50 | B54: 1947 | C54: Década de 1940 | D54: Os Profetas e a Promessa | E54: A.R. CRABTREE | F54: DO AUTOR | G54: Os Profetas e a Promessa – A.R. CRABTREE – DO AUTOR – 1947
A55: 51 | B55: 1948 | C55: Década de 1940 | E55: INTRODUÇÃO AO ESTUDO DO NOVO TESTAMENTO GREGO TAYLOR, WILLIAM CAREY | F55: Casa Publicadora Batista | G55: INTRODUÇÃO AO ESTUDO DO NOVO TESTAMENTO GREGO TAYLOR, WILLIAM CAREY CASA PUBLICADORA BATISTA 1948
A56: 52 | B56: 1948 | C56: Década de 1940 | D56: O Ministério da Mulher | E56: ELLA BROADUS ROBERTSON | F56: Casa Publicadora Batista | G56: O Ministério da Mulher – ELLA BROADUS ROBERTSON – CASA PUBLICADORA BATISTA – 1948
A57: 53 | B57: 1948 | C57: Década de 1940 | D57: O Médico dos Mares Profundos | E57: WILFREDO GRENFELL | F57: Casa Publicadora Batista | G57: O Médico dos Mares Profundos – WILFREDO GRENFELL – CASA PUBLICADORA BATISTA – 1948
A58: 54 | B58: 1948 | C58: Década de 1940 | D58: Roteiro dos Batistas | E58: LAURO BRETONES | F58: DO AUTOR | G58: Roteiro dos Batistas – LAURO BRETONES – DO AUTOR – 1948
A59: 55 | B59: 1949 | C59: Década de 1940 | D59: Aprendei de Mim | E59: T.B. STOVER | F59: Casa Publicadora Batista | G59: Aprendei de Mim – T.B. STOVER – CASA PUBLICADORA BATISTA – 1949
A60: 56 | B60: 1949 | C60: Década de 1940 | D60: COMENTÁRIO DE MATEUS | E60: VOLUME 2 BROADUS, JOHN A. | F60: Casa Publicadora Batista | G60: COMENTÁRIO DE MATEUS – VOLUME 2 BROADUS, JOHN A. CASA PUBLICADORA BATISTA 1949
A61: 57 | B61: 1949 | C61: Década de 1940 | D61: COMENTÁRIO DE MATEUS | E61: VOLUME 1 BROADUS, JOHN A. | F61: Casa Publicadora Batista | G61: COMENTÁRIO DE MATEUS – VOLUME 1 BROADUS, JOHN A. CASA PUBLICADORA BATISTA 1949
A62: 58 | B62: 1949 | C62: Década de 1940 | D62: Comentário do Evangelho de Mateus – VOLUME II | E62: JOHN A. BROADUS | F62: Casa Publicadora Batista | G62: Comentário do Evangelho de Mateus – VOLUME II – JOHN A. BROADUS – CASA PUBLICADORA BATISTA – 1949
A63: 59 | B63: 1949 | C63: Década de 1940 | D63: Manual da União Geral de Senhoras do Brasil | E63: CASA PUBLICADORA BATISTA | F63: JUERP | G63: Manual da União Geral de Senhoras do Brasil - CASA PUBLICADORA BATISTA – 1949
A64: 60 | B64: 1949 | C64: Década de 1940 | D64: O CRISTIANISMO ATRAVÉS DOS SÉCULOS | E64: 3o VOLUME MUIRHEAD, H.H. | F64: Casa Publicadora Batista | G64: O CRISTIANISMO ATRAVÉS DOS SÉCULOS – 3o VOLUME MUIRHEAD, H.H. CASA PUBLICADORA BATISTA 1949
A65: 61 | B65: 1950 | C65: Década de 1950 | E65: O PREGADOR SHEPARD, J.W. | F65: Casa Publicadora Batista | G65: O PREGADOR SHEPARD, J.W. CASA PUBLICADORA BATISTA 1950
A66: 62 | B66: 1950 | C66: Década de 1950 | D66: Evangelho de João – Tradução e Comentário | E66: VOLUME I | F66: Casa Publicadora Batista | G66: Evangelho de João – Tradução e Comentário – VOLUME I – WILLIAM CAREY TAYLOR – CASA PUBLICADORA BATISTA – 1950
A67: 63 | B67: 1950 | C67: Década de 1950 | D67: INTRODUÇÃO AO ESTUDO DO NOVO TESTAMENTO GREGO | E67: TOMO II PARTE III | F67: Casa Publicadora Batista | G67: INTRODUÇÃO AO ESTUDO DO NOVO TESTAMENTO GREGO – TOMO II PARTE III – VOCABULÁRIO TAYLOR, WILLIAM CAREY CASA PUBLICADORA BATISTA 1950
A68: 64 | B68: 1950 | C68: Década de 1950 | D68: Revista Teológica – Seminário do Sul – JANEIRO DE 1950 | E68: Seminário Teológico Batista do Sul do Brasil (STBSB) | F68: Seminário do Sul | G68: Revista Teológica – Seminário do Sul – JANEIRO DE 1950
A69: 65 | B69: 1950 | C69: Década de 1950 | D69: Revista Teológica – Seminário do Sul – JULHO DE 1950 | E69: Seminário Teológico Batista do Sul do Brasil (STBSB) | F69: Seminário do Sul | G69: Revista Teológica – Seminário do Sul – JULHO DE 1950
A70: 66 | B70: 1951 | C70: Década de 1950 | D70: Esbôço de Teologia Sistemática | E70: A.B. LANGSTON | F70: Casa Publicadora Batista | G70: Esbôço de Teologia Sistemática – A.B. LANGSTON – CASA PUBLICADORA BATISTA – 1951
A71: 67 | B71: 1951 | C71: Década de 1950 | D71: HISTÓRIA, DOUTRINA E INTERPRETAÇÃO DA BÍBLIA | E71: VOLUME 1 ANGUS, JOSEPH | F71: Casa Publicadora Batista | G71: HISTÓRIA, DOUTRINA E INTERPRETAÇÃO DA BÍBLIA – VOLUME 1 ANGUS, JOSEPH CASA PUBLICADORA BATISTA 1951
A72: 68 | B72: 1951 | C72: Década de 1950 | D72: O CRISTIANISMO ATRAVÉS DOS SÉCULOS | E72: VOLUME I MUIRHEAD, H.H. | F72: Casa Publicadora Batista | G72: O CRISTIANISMO ATRAVÉS DOS SÉCULOS – VOLUME I MUIRHEAD, H.H. CASA PUBLICADORA BATISTA 1951
A73: 69 | B73: 1951 | C73: Década de 1950 | D73: Revista Teológica – Seminário do Sul – JANEIRO DE 1951 | E73: Seminário Teológico Batista do Sul do Brasil (STBSB) | F73: Seminário do Sul | G73: Revista Teológica – Seminário do Sul – JANEIRO DE 1951
A74: 70 | B74: 1951 | C74: Década de 1950 | D74: Revista Teológica – Seminário do Sul – JULHO DE 1951 | E74: Seminário Teológico Batista do Sul do Brasil (STBSB) | F74: Seminário do Sul | G74: Revista Teológica – Seminário do Sul – JULHO DE 1951
A75: 71 | B75: 1952 | C75: Década de 1950 | D75: As Doutrinas da Nossa Fé | E75: E.C. DARGAN | F75: Casa Publicadora Batista | G75: As Doutrinas da Nossa Fé – E.C. DARGAN – CASA PUBLICADORA BATISTA – 1952
A76: 72 | B76: 1952 | C76: Década de 1950 | D76: Doutrinas | E76: W.C.TAYLOR | F76: INSTITUTO DE TREINAMENTO CRISTÃO | G76: Doutrinas - W.C.TAYLOR – INSTITUTO DE TREINAMENTO CRISTÃO 1952
A77: 73 | B77: 1952 | C77: Década de 1950 | D77: Orações que Alvoroçaram o Mundo | E77: ROSALEE APPLEBY | F77: JUERP | G77: Orações que Alvoroçaram o Mundo – ROSALEE APPLEBY – 1952
... A79: 75 | B79: 1952 | C79: Década de 1950 | D79: Revista Teológica – Seminário do Sul – JULHO DE 1952 | E79: Seminário Teológico Batista do Sul do Brasil (STBSB) | F79: Seminário do Sul | G79: Revista Teológica – Seminário do Sul – JULHO DE 1952
A80: 76 | B80: 1953 | C80: Década de 1950 | E80: ÉPOCAS NA VIDA DE PAULO ROBERTSON, A.T. | F80: Casa Publicadora Batista | G80: ÉPOCAS NA VIDA DE PAULO ROBERTSON, A.T. CASA PUBLICADORA BATISTA 1953
A81: 77 | B81: 1953 | C81: Década de 1950 | E81: O MUNDO DO NOVO TESTAMENTO DANA, H.E. | F81: Casa Publicadora Batista | G81: O MUNDO DO NOVO TESTAMENTO DANA, H.E. CASA PUBLICADORA BATISTA 1953
A82: 78 | B82: 1953 | C82: Década de 1950 | D82: Em Cada Terra Uma Bandeira | E82: VIOLET WOOD | F82: Casa Publicadora Batista | G82: Em Cada Terra Uma Bandeira – VIOLET WOOD – CASA PUBLICADORA BATISTA 1953
A83: 79 | B83: 1953 | C83: Década de 1950 | D83: HARMONIA DOS EVANGELHOS WATSON, S.L. & | E83: ALLEN, W.E. | F83: Casa Publicadora Batista | G83: HARMONIA DOS EVANGELHOS WATSON, S.L. & ALLEN, W.E. CASA PUBLICADORA BATISTA 1953
A84: 80 | B84: 1953 | C84: Década de 1950 | D84: Revista Teológica – Seminário do Sul – JULHO DE 1953 | E84: Seminário Teológico Batista do Sul do Brasil (STBSB) | F84: Seminário do Sul | G84: Revista Teológica – Seminário do Sul – JULHO DE 1953
A85: 81 | B85: 1953 | C85: Década de 1950 | D85: Sal da Terra | E85: J. REIS PEREIRA | F85: EBED | G85: Sal da Terra – J. REIS PEREIRA – EBED 1953
A86: 82 | B86: 1953 | C86: Década de 1950 | D86: Um Condenado à Morte | E86: JOÃO C. VARETTO | F86: Casa Publicadora Batista | G86: Um Condenado à Morte – JOÃO C. VARETTO – CASA PUBLICADORA BATISTA – 1953
A87: 83 | B87: 1954 | C87: Década de 1950 | E87: A EPÍSTOLA AOS GÁLATAS TAYLOR, WILLIAM CAREY | F87: Casa Publicadora Batista | G87: A EPÍSTOLA AOS GÁLATAS TAYLOR, WILLIAM CAREY CASA PUBLICADORA BATISTA 1954
A88: 84 | B88: 1954 | C88: Década de 1950 | D88: A Epístola de Tiago | E88: W.C. TAYLOR | F88: Casa Publicadora Batista | G88: A Epístola de Tiago – W.C. TAYLOR – CASA PUBLICADORA BATISTA 1954
A89: 85 | B89: 1954 | C89: Década de 1950 | D89: Livros Apócrifos à Luz da Razão e do Novo Testamento | E89: ROSALINO DA COSTA LIMA | F89: DO AUTOR | G89: Livros Apócrifos à Luz da Razão e do Novo Testamento – ROSALINO DA COSTA LIMA – DO AUTOR – 1954
A90: 86 | B90: 1954 | C90: Década de 1950 | D90: Pelos Céus do Brasil | E90: S.J. RIBEIRO | F90: Casa Publicadora Batista | G90: Pelos Céus do Brasil – S.J. RIBEIRO – CASA PUBLICADORA BATISTA – 1954
A91: 87 | B91: 1954 | C91: Década de 1950 | D91: Revista Teológica – Seminário do Sul – JANEIRO DE 1954 | E91: Seminário Teológico Batista do Sul do Brasil (STBSB) | F91: Seminário do Sul | G91: Revista Teológica – Seminário do Sul – JANEIRO DE 1954
A92: 88 | B92: 1954 | C92: Década de 1950 | D92: Revista Teológica – Seminário do Sul – JULHO DE 1954 | E92: Seminário Teológico Batista do Sul do Brasil (STBSB) | F92: Seminário do Sul | G92: Revista Teológica – Seminário do Sul – JULHO DE 1954
A93: 89 | B93: 1954 | C93: Década de 1950 | D93: Treinamento dos Membros da Igrejas | E93: I. J. VAN ESS | F93: Casa Publicadora Batista | G93: Treinamento dos Membros da Igrejas – I. J. VAN ESS – CASA PUBLICADORA BATISTA – 1954
A94: 90 | B94: 1955 | C94: Década de 1950 | E94: TEOLOGIA BÍBLICA DO NOVO TESTAMENTO LANGSTON, A.B. | F94: Casa Publicadora Batista | G94: TEOLOGIA BÍBLICA DO NOVO TESTAMENTO LANGSTON, A.B. CASA PUBLICADORA BATISTA 1955
A95: 91 | B95: 1955 | C95: Década de 1950 | D95: Assim Diz o Senhor | E95: NATANAEL DE BARROS ALMEIDA | F95: Casa Publicadora Batista | G95: Assim Diz o Senhor – NATANAEL DE BARROS ALMEIDA – CASA PUBLICADORA BATISTA – 1955
A96: 92 | B96: 1955 | C96: Década de 1950 | D96: Revista Teológica – Seminário do Sul – JANEIRO DE 1955 | E96: Seminário Teológico Batista do Sul do Brasil (STBSB) | F96: Seminário do Sul | G96: Revista Teológica – Seminário do Sul – JANEIRO DE 1955
A97: 93 | B97: 1955 | C97: Década de 1950 | D97: Revista Teológica – Seminário do Sul – JULHO DE 1955 | E97: Seminário Teológico Batista do Sul do Brasil (STBSB) | F97: Seminário do Sul | G97: Revista Teológica – Seminário do Sul – JULHO DE 1955
A98: 94 | B98: 1955 | C98: Década de 1950 | D98: Revista Teológica – Seminário do Sul – JULHO DE 1955 | E98: Seminário Teológico Batista do Sul do Brasil (STBSB) | F98: Seminário do Sul | G98: Revista Teológica – Seminário do Sul – JULHO DE 1955
A99: 95 | B99: 1956 | C99: Década de 1950 | E99: O PASTOR SOUZA, MANOEL AVELINO DE | F99: Casa Publicadora Batista | G99: O PASTOR SOUZA, MANOEL AVELINO DE CASA PUBLICADORA BATISTA 1956
A100: 96 | B100: 1956 | C100: Década de 1950 | E100: OS AXIOMAS DA RELIGIÃO MULLINS, E.Y. | F100: Casa Publicadora Batista | G100: OS AXIOMAS DA RELIGIÃO MULLINS, E.Y. CASA PUBLICADORA BATISTA 1956
A101: 97 | B101: 1956 | C101: Década de 1950 | D101: A Doutrina Bíblica do Ministério | E101: A.R. CRABTREE | F101: Casa Publicadora Batista | G101: A Doutrina Bíblica do Ministério – A.R. CRABTREE – CASA PUBLICADORA BATISTA – 1956
A102: 98 | B102: 1956 | C102: Década de 1950 | D102: Revista Teológica – Seminário do Sul – JANEIRO DE 1956 | E102: Seminário Teológico Batista do Sul do Brasil (STBSB) | F102: Seminário do Sul | G102: Revista Teológica – Seminário do Sul – JANEIRO DE 1956
A103: 99 | B103: 1956 | C103: Década de 1950 | D103: Revista Teológica – Seminário do Sul – JULHO DE 1956 | E103: Seminário Teológico Batista do Sul do Brasil (STBSB) | F103: Seminário do Sul | G103: Revista Teológica – Seminário do Sul – JULHO DE 1956
A104: 100 | B104: 1957 | C104: Década de 1950 | E104: MEDITAÇÕES EM COLOSSENSES FALCÃO, SILAS ALVES | F104: Casa Publicadora Batista | G104: MEDITAÇÕES EM COLOSSENSES FALCÃO, SILAS ALVES CASA PUBLICADORA BATISTA 1957
A105: 101 | B105: 1957 | C105: Década de 1950 | D105: Ao Serviço de Jesus | E105: FRANCES RDLEY HAVERGAL | F105: PUBLICAÇÃO GERAL DAS SENHORAS | G105: Ao Serviço de Jesus – FRANCES RDLEY HAVERGAL – PUBLICAÇÃO GERAL DAS SENHORAS – 1957
A106: 102 | B106: 1957 | C106: Década de 1950 | D106: Evangelho de João – Tradução e Comentário | E106: VOLUME II | F106: Casa Publicadora Batista | G106: Evangelho de João – Tradução e Comentário – VOLUME II - WILLIAM CAREY TAYLOR – CASA PUBLICADORA BATISTA – 1957
A107: 103 | B107: 1957 | C107: Década de 1950 | D107: EVANGELHO DE JOÃO- TRADUÇÃO E COMENTÁRIO | E107: VOL 2 TAYLOR, WILLIAM CAREY | F107: Casa Publicadora Batista | G107: EVANGELHO DE JOÃO- TRADUÇÃO E COMENTÁRIO – VOL 2 TAYLOR, WILLIAM CAREY CASA PUBLICADORA BATISTA 1957
A108: 104 | B108: 1957 | C108: Década de 1950 | D108: Manual da União de Adultos | E108: WALTER KASCHEL | F108: Casa Publicadora Batista | G108: Manual da União de Adultos – WALTER KASCHEL – CASA PUBLICADORA BATISTA – 1957
A109: 105 | B109: 1957 | C109: Década de 1950 | D109: Mordomia Bíblica | E109: J.E. DILLARD | F109: Casa Publicadora Batista | G109: Mordomia Bíblica – J.E. DILLARD – CASA PUBLICADORA BATISTA – 1957
A110: 106 | B110: 1957 | C110: Década de 1950 | D110: Revista Teológica – Seminário do Sul – JANEIRO DE 1957 | E110: Seminário Teológico Batista do Sul do Brasil (STBSB) | F110: Seminário do Sul | G110: Revista Teológica – Seminário do Sul – JANEIRO DE 1957
...

Sheet Resumo por Década
A1: Distribuição Temporal das Obras Publicadas
A2: Contagem e proporção das obras catalogadas agrupadas por períodos/décadas
A4: Período / Década | B4: Quantidade de Obras | C4: Percentual (%)
A5: Década de 1910 | B5: =COUNTIF('Livros por Ano'!$C$5:$C$439, A5) -> 1 | C5: =B5/$B$18 -> #DIV/0!
A6: Década de 1920 | B6: =COUNTIF('Livros por Ano'!$C$5:$C$439, A6) -> 11 | C6: =B6/$B$18 -> #DIV/0!
A7: Década de 1930 | B7: =COUNTIF('Livros por Ano'!$C$5:$C$439, A7) -> 11 | C7: =B7/$B$18 -> #DIV/0!
A8: Década de 1940 | B8: =COUNTIF('Livros por Ano'!$C$5:$C$439, A8) -> 35 | C8: =B8/$B$18 -> #DIV/0!
A9: Década de 1950 | B9: =COUNTIF('Livros por Ano'!$C$5:$C$439, A9) -> 70 | C9: =B9/$B$18 -> #DIV/0!
A10: Década de 1960 | B10: =COUNTIF('Livros por Ano'!$C$5:$C$439, A10) -> 55 | C10: =B10/$B$18 -> #DIV/0!
A11: Década de 1970 | B11: =COUNTIF('Livros por Ano'!$C$5:$C$439, A11) -> 58 | C11: =B11/$B$18 -> #DIV/0!
A12: Década de 1980 | B12: =COUNTIF('Livros por Ano'!$C$5:$C$439, A12) -> 102 | C12: =B12/$B$18 -> #DIV/0!
A13: Década de 1990 | B13: =COUNTIF('Livros por Ano'!$C$5:$C$439, A13) -> 58 | C13: =B13/$B$18 -> #DIV/0!
A14: Década de 2000 | B14: =COUNTIF('Livros por Ano'!$C$5:$C$439, A14) -> 11 | C14: =B14/$B$18 -> #DIV/0!
A15: Década de 2010 | B15: =COUNTIF('Livros por Ano'!$C$5:$C$439, A15) -> 1 | C15: =B15/$B$18 -> #DIV/0!
A16: Sem Data (S/D) | B16: =COUNTIF('Livros por Ano'!$C$5:$C$439, A16) -> 20 | C16: =B16/$B$18 -> #DIV/0!
A17: TOTAL GERAL | B17: =SUM(B5:B16) -> 433 | C17: =SUM(C5:C16) -> #DIV/0!
